<?xml version="1.0" encoding="UTF-8"?>
<TimeTablesDB>
  <Rooms>
    <Room>
      <RoomId>3</RoomId>
      <Capacity>150</Capacity>
    </Room>
    <Room>
      <RoomId>2</RoomId>
      <Capacity>100</Capacity>
    </Room>
    <Room>
      <RoomId>1</RoomId>
      <Capacity>50</Capacity>
    </Room>
  </Rooms>
  <TimeTables>
    <TimeTable>
      <GroupId>1</GroupId>
      <Books>
        <Book>
          <BookingId>3</BookingId>
          <Login>MF</Login>
          <DateBegin>08/04/2016 16:00:00</DateBegin>
          <DateEnd>08/04/2016 18:00:00</DateEnd>
          <RoomId>3</RoomId>
        </Book>
        <Book>
          <BookingId>2</BookingId>
          <Login>GS</Login>
          <DateBegin>07/04/2016 08:15:00</DateBegin>
          <DateEnd>07/04/2016 11:45:00</DateEnd>
          <RoomId>2</RoomId>
        </Book>
        <Book>
          <BookingId>1</BookingId>
          <Login>MF</Login>
          <DateBegin>06/04/2016 13:00:00</DateBegin>
          <DateEnd>06/04/2016 17:00:00</DateEnd>
          <RoomId>1</RoomId>
        </Book>
        <Book>
          <BookingId>0</BookingId>
          <Login>GS</Login>
          <DateBegin>06/04/2016 08:00:00</DateBegin>
          <DateEnd>06/04/2016 10:00:00</DateEnd>
          <RoomId>1</RoomId>
        </Book>
      </Books>
    </TimeTable>
  </TimeTables>
</TimeTablesDB>
